sample,t,x
1,0,4
1,1,4
1,2,4
1,3,3
1,4,4
1,5,4
1,6,4
1,7,1
1,8,4
1,9,2
1,10,4
1,11,1
1,12,3
1,13,4
1,14,1
1,15,3
1,16,4
1,17,1
1,18,1
1,19,1
1,20,1
1,21,3
1,22,4
1,23,1
1,24,1
1,25,3
1,26,1
1,27,1
1,28,4
1,29,4
1,30,3
1,31,3
1,32,4
1,33,4
1,34,3
1,35,3
1,36,4
1,37,1
1,38,1
1,39,3
1,40,4
1,41,3
1,42,4
1,43,4
1,44,4
1,45,4
1,46,1
1,47,2
1,48,1
1,49,1
1,50,2
1,51,2
1,52,2
1,53,1
1,54,1
1,55,1
1,56,1
1,57,1
1,58,3
1,59,1
2,0,4
2,1,3
2,2,3
2,3,1
2,4,3
2,5,3
2,6,4
2,7,4
2,8,1
2,9,2
2,10,1
2,11,1
2,12,1
2,13,1
2,14,1
2,15,1
2,16,1
2,17,4
2,18,1
2,19,2
2,20,1
2,21,2
2,22,1
2,23,4
2,24,4
2,25,4
2,26,1
2,27,3
2,28,3
2,29,2
2,30,2
2,31,2
2,32,2
2,33,1
2,34,1
2,35,2
2,36,2
2,37,2
2,38,2
2,39,4
2,40,4
2,41,4
2,42,1
2,43,3
2,44,2
2,45,4
2,46,1
2,47,2
2,48,4
2,49,4
2,50,4
2,51,2
2,52,2
2,53,2
2,54,2
2,55,2
3,0,2
3,1,2
3,2,2
3,3,4
3,4,4
3,5,4
3,6,3
3,7,4
3,8,4
3,9,4
3,10,1
3,11,1
3,12,1
3,13,1
3,14,2
3,15,2
3,16,2
3,17,3
3,18,1
3,19,1
3,20,3
3,21,1
3,22,1
3,23,1
3,24,1
3,25,2
3,26,2
3,27,1
3,28,1
3,29,2
3,30,2
3,31,3
3,32,4
3,33,4
3,34,4
3,35,1
3,36,1
3,37,3
3,38,2
3,39,2
3,40,2
3,41,3
3,42,4
3,43,1
3,44,4
3,45,4
3,46,1
3,47,2
3,48,4
3,49,4
3,50,1
3,51,1
3,52,1
3,53,4
3,54,1
3,55,1
3,56,2
3,57,3
3,58,3
4,0,1
4,1,1
4,2,4
4,3,4
4,4,4
4,5,4
4,6,4
4,7,1
4,8,1
4,9,3
4,10,2
4,11,2
4,12,1
4,13,2
4,14,3
4,15,3
4,16,4
4,17,4
4,18,2
4,19,4
4,20,4
4,21,3
4,22,4
4,23,4
4,24,4
4,25,4
4,26,4
4,27,1
4,28,1
4,29,4
4,30,3
4,31,4
4,32,1
4,33,1
4,34,3
4,35,4
4,36,3
4,37,3
4,38,4
4,39,4
4,40,1
4,41,1
5,0,4
5,1,4
5,2,1
5,3,3
5,4,4
5,5,4
5,6,4
5,7,4
5,8,4
5,9,4
5,10,4
5,11,4
5,12,3
5,13,4
5,14,1
5,15,1
5,16,1
5,17,1
5,18,2
5,19,4
5,20,4
5,21,4
5,22,1
5,23,1
5,24,2
5,25,1
5,26,1
5,27,3
5,28,4
5,29,4
5,30,2
5,31,2
5,32,4
5,33,1
5,34,2
5,35,2
5,36,2
5,37,4
5,38,1
5,39,1
5,40,2
5,41,2
5,42,1
5,43,1
5,44,4
5,45,4
5,46,1
5,47,4
5,48,4
5,49,3
5,50,3
5,51,4
6,0,4
6,1,4
6,2,2
6,3,2
6,4,3
6,5,4
6,6,4
6,7,4
6,8,1
6,9,2
6,10,2
6,11,4
6,12,1
6,13,4
6,14,1
6,15,1
6,16,3
6,17,4
6,18,1
6,19,2
6,20,4
6,21,4
6,22,4
6,23,1
6,24,2
6,25,1
6,26,1
6,27,1
6,28,4
6,29,2
6,30,4
6,31,4
6,32,3
6,33,4
6,34,4
6,35,1
6,36,1
6,37,1
6,38,1
6,39,3
6,40,4
6,41,1
6,42,2
6,43,2
6,44,1
6,45,3
7,0,2
7,1,2
7,2,2
7,3,4
7,4,4
7,5,4
7,6,3
7,7,4
7,8,4
7,9,1
7,10,3
7,11,2
7,12,4
7,13,4
7,14,4
7,15,3
7,16,2
7,17,2
7,18,1
7,19,3
7,20,4
7,21,1
7,22,1
7,23,2
7,24,4
7,25,4
7,26,4
7,27,3
7,28,4
7,29,4
7,30,3
7,31,4
7,32,4
7,33,3
7,34,4
7,35,1
7,36,1
7,37,1
7,38,1
7,39,3
7,40,4
7,41,3
7,42,2
7,43,4
7,44,1
7,45,1
7,46,1
7,47,3
7,48,4
7,49,4
7,50,2
7,51,2
7,52,2
7,53,2
7,54,2
7,55,4
7,56,2
7,57,1
8,0,4
8,1,3
8,2,4
8,3,4
8,4,4
8,5,2
8,6,2
8,7,2
8,8,2
8,9,2
8,10,1
8,11,1
8,12,1
8,13,1
8,14,1
8,15,2
8,16,2
8,17,1
8,18,1
8,19,1
8,20,1
8,21,1
8,22,1
8,23,1
8,24,1
8,25,1
8,26,3
8,27,3
8,28,2
8,29,1
8,30,2
8,31,2
8,32,2
8,33,2
8,34,2
8,35,2
8,36,1
8,37,4
8,38,4
8,39,4
